time,x,y
70,809.64,946.74
85,809.64,946.74
101,809.64,946.74
118,809.64,946.74
134,809.64,946.74
151,809.64,946.74
166,809.64,946.74
182,809.64,946.74
198,809.64,946.74
215,809.64,946.74
230,809.64,946.74
246,809.64,946.74
263,809.64,946.74
278,809.64,946.74
294,809.64,946.74
310,809.64,946.74
326,809.64,946.74
342,809.64,946.74
357,809.64,946.74
374,809.64,946.74
390,809.64,946.74
405,809.64,946.74
421,809.64,946.74
438,809.64,946.74
453,809.64,946.74
469,809.64,946.74
486,809.64,946.74
502,809.64,946.74
518,809.64,946.74
534,809.64,946.74
550,809.64,946.74
566,809.64,946.74
583,809.64,946.74
598,809.64,946.74
614,809.64,946.74
630,809.64,946.74
646,809.64,946.74
663,809.64,946.74
678,809.64,946.74
694,809.64,946.74
710,809.64,946.74
726,809.64,946.74
742,809.64,946.74
758,809.64,946.74
773,809.64,946.74
789,809.64,946.74
805,809.64,946.74
821,809.64,946.74
837,809.64,946.74
853,809.64,946.74
870,809.64,946.74
885,809.64,946.74
901,809.64,946.74
917,809.64,946.74
935,809.64,946.74
951,809.64,946.74
967,809.64,946.74
982,809.64,946.74
998,809.64,946.74
1014,809.64,946.74
1029,809.64,946.74
1046,809.64,946.74
1063,817.66,946.74
1078,825.68,946.74
1093,825.68,946.74
1110,833.69,946.74
1126,841.71,938.72
1141,849.73,938.72
1157,849.73,930.7
1174,857.74,930.7
1189,857.74,930.7
1205,865.76,930.7
1222,865.76,922.69
1237,873.77,922.69
1254,873.77,922.69
1269,873.77,922.69
1286,873.77,922.69
1301,873.77,922.69
1318,873.77,922.69
1335,873.77,922.69
1350,873.77,922.69
1366,873.77,922.69
1381,873.77,922.69
1398,873.77,922.69
1414,873.77,922.69
1431,873.77,922.69
1447,873.77,922.69
1462,873.77,922.69
1478,873.77,922.69
1494,873.77,922.69
1510,873.77,922.69
1526,873.77,922.69
1542,873.77,922.69
1557,865.76,922.69
1574,865.76,930.7
1590,857.74,938.72
1605,849.73,954.75
1621,849.73,954.75
1637,841.71,962.77
1653,833.69,970.78
1669,833.69,970.78
1685,833.69,978.8
1701,833.69,978.8
1719,833.69,986.82
1734,833.69,986.82
1750,833.69,994.83
1766,833.69,994.83
1782,833.69,1002.85
1798,833.69,1002.85
1814,833.69,1002.85
1830,825.68,1010.87
1846,825.68,1018.88
1861,825.68,1018.88
1878,825.68,1018.88
1894,825.68,1026.9
1910,825.68,1026.9
1926,825.68,1034.91
1941,825.68,1042.93
1958,825.68,1050.95
1974,825.68,1058.96
1990,825.68,1058.96
2006,825.68,1066.98
2021,825.68,1066.98
2037,825.68,1066.98
2054,825.68,1066.98
2069,825.68,1066.98
2085,825.68,1066.98
2102,825.68,1066.98
2118,825.68,1066.98
2135,825.68,1075
2151,825.68,1075
2165,833.69,1083.01
2183,833.69,1083.01
2198,833.69,1083.01
2214,833.69,1091.03
2231,833.69,1091.03
2246,833.69,1091.03
2263,833.69,1091.03
2278,833.69,1091.03
2294,833.69,1091.03
2310,833.69,1091.03
2326,833.69,1091.03
2341,841.71,1099.04
2358,841.71,1115.08
2374,841.71,1123.09
2389,841.71,1131.11
2405,841.71,1139.13
2422,841.71,1139.13
2437,841.71,1139.13
2454,841.71,1147.14
2469,841.71,1147.14
2485,841.71,1147.14
2501,841.71,1147.14
2518,841.71,1147.14
2535,841.71,1147.14
2551,841.71,1147.14
2566,841.71,1147.14
2583,841.71,1147.14
2599,841.71,1147.14
2614,841.71,1147.14
2631,841.71,1147.14
2646,841.71,1147.14
2662,841.71,1147.14
2679,841.71,1155.16
2694,841.71,1155.16
2709,841.71,1155.16
2726,841.71,1155.16
2742,841.71,1163.17
2757,841.71,1163.17
2774,841.71,1171.19
2789,841.71,1179.21
2805,841.71,1187.22
2822,841.71,1187.22
2837,841.71,1195.24
2853,841.71,1195.24
2869,841.71,1203.26
2885,841.71,1203.26
2901,841.71,1203.26
2918,841.71,1211.27
2934,841.71,1211.27
2949,841.71,1219.29
2966,841.71,1219.29
2981,841.71,1227.31
2999,841.71,1227.31
3014,841.71,1235.32
3030,841.71,1235.32
3046,841.71,1243.34
3063,841.71,1243.34
3078,833.69,1251.35
3094,833.69,1251.35
3109,833.69,1259.37
3125,833.69,1267.39
3141,833.69,1275.4
3157,833.69,1291.44
3173,833.69,1299.45
3189,833.69,1315.48
3205,833.69,1323.5
3222,833.69,1331.52
3238,833.69,1339.53
3253,833.69,1355.57
3269,833.69,1363.58
3285,833.69,1379.61
3301,833.69,1379.61
3318,833.69,1387.63
3334,833.69,1395.65
3350,833.69,1395.65
3366,833.69,1403.66
3382,833.69,1403.66
3398,833.69,1411.68
3414,833.69,1419.7
3430,833.69,1419.7
3446,833.69,1419.7
3462,833.69,1427.71
3478,833.69,1435.73
3494,833.69,1443.74
3510,833.69,1451.76
3526,833.69,1459.78
3542,833.69,1467.79
3558,833.69,1475.81
3574,833.69,1483.83
3590,833.69,1491.84
3605,833.69,1499.86
3622,833.69,1499.86
3637,841.71,1499.86
3653,841.71,1499.86
3669,841.71,1499.86
3685,841.71,1499.86
3702,841.71,1499.86
3718,841.71,1499.86
3734,841.71,1499.86
3750,841.71,1499.86
3766,841.71,1499.86
3782,841.71,1499.86
3798,841.71,1499.86
3814,841.71,1507.87
3830,841.71,1507.87
3846,841.71,1507.87
3863,841.71,1507.87
3878,841.71,1507.87
3893,841.71,1507.87
3910,841.71,1515.89
3925,841.71,1523.91
3942,841.71,1531.92
3958,841.71,1539.94
3973,841.71,1555.97
3989,841.71,1563.99
4005,841.71,1563.99
4022,841.71,1572.01
4037,841.71,1572.01
4053,841.71,1580.02
4069,841.71,1588.04
4085,841.71,1588.04
4101,841.71,1588.04
4117,841.71,1596.05
4133,841.71,1596.05
4151,841.71,1604.07
4166,841.71,1604.07
4182,841.71,1612.09
4199,841.71,1628.12
4215,841.71,1636.14
4230,841.71,1652.17
4246,841.71,1668.2
4262,849.73,1684.23
4278,849.73,1684.23
4294,849.73,1692.25
4309,849.73,1692.25
4326,849.73,1692.25
4341,849.73,1692.25
4357,849.73,1700.27
4374,849.73,1700.27
4390,849.73,1708.28
4405,849.73,1708.28
4422,849.73,1708.28
4437,849.73,1716.3
4453,849.73,1716.3
4469,849.73,1724.31
4485,849.73,1724.31
4501,849.73,1724.31
4518,849.73,1724.31
4535,849.73,1724.31
4551,849.73,1732.33
4566,849.73,1732.33
4582,849.73,1732.33
4598,849.73,1732.33
4615,849.73,1740.35
4630,849.73,1740.35
4645,849.73,1740.35
4662,849.73,1748.36
4678,849.73,1748.36
4694,857.74,1756.38
4710,857.74,1756.38
4726,857.74,1756.38
4741,857.74,1764.4
4758,857.74,1764.4
4774,857.74,1764.4
4789,857.74,1772.41
4805,865.76,1772.41
4821,865.76,1772.41
4837,865.76,1780.43
4853,865.76,1780.43
4869,865.76,1780.43
4885,865.76,1788.44
4902,865.76,1788.44
4918,865.76,1788.44
4935,865.76,1788.44
4949,865.76,1788.44
4966,865.76,1788.44
4983,865.76,1788.44
4997,865.76,1788.44
5014,865.76,1788.44
5030,865.76,1788.44
5046,865.76,1788.44
5063,865.76,1788.44
5077,865.76,1788.44
5094,865.76,1788.44
5110,865.76,1788.44
5126,865.76,1788.44
5142,865.76,1788.44
5157,865.76,1788.44
5174,865.76,1796.46
5189,865.76,1796.46
5205,865.76,1796.46
5222,865.76,1796.46
5237,865.76,1796.46
5253,865.76,1796.46
5269,865.76,1796.46
5285,865.76,1796.46
5302,865.76,1796.46
5317,865.76,1796.46
5334,865.76,1796.46
5350,865.76,1796.46
5366,865.76,1796.46
5382,865.76,1796.46
5398,865.76,1796.46
5415,865.76,1796.46
5430,865.76,1796.46
5446,865.76,1796.46
5462,865.76,1796.46
5478,865.76,1796.46
5494,865.76,1796.46
5510,865.76,1796.46
5525,865.76,1796.46
5542,865.76,1796.46
5558,865.76,1796.46
5574,865.76,1796.46
5589,865.76,1796.46
5605,865.76,1796.46
5621,865.76,1796.46
5638,865.76,1796.46
5653,865.76,1796.46
5669,865.76,1796.46
5686,865.76,1796.46
5701,865.76,1796.46
5718,865.76,1796.46
5735,865.76,1796.46
5751,865.76,1796.46
5766,865.76,1796.46
5782,865.76,1796.46
5799,865.76,1796.46
5814,865.76,1796.46
5830,865.76,1796.46
5846,865.76,1796.46
5862,865.76,1796.46
5878,865.76,1796.46
5894,865.76,1796.46
5910,865.76,1796.46
5925,865.76,1796.46
5942,865.76,1796.46
5957,865.76,1796.46
5974,865.76,1796.46
5989,865.76,1796.46
6005,865.76,1796.46
6022,865.76,1796.46
6037,865.76,1796.46
6054,865.76,1796.46
6069,865.76,1796.46
6085,865.76,1796.46
6102,865.76,1796.46
6118,865.76,1796.46
6134,865.76,1796.46
6150,865.76,1796.46
6166,865.76,1796.46
6181,865.76,1796.46
6198,865.76,1796.46
6214,865.76,1796.46
6231,865.76,1796.46
6246,865.76,1796.46
6262,865.76,1796.46
6278,865.76,1796.46
6294,865.76,1796.46
6310,865.76,1796.46
6326,865.76,1796.46
6342,865.76,1796.46
6357,865.76,1796.46
6373,865.76,1796.46
6389,865.76,1796.46
6405,865.76,1796.46
6421,865.76,1796.46
6438,865.76,1796.46
6453,865.76,1796.46
6469,865.76,1796.46
6486,865.76,1796.46
6502,865.76,1796.46
6518,865.76,1796.46
6535,865.76,1796.46
6551,865.76,1796.46
6566,865.76,1796.46
6583,865.76,1796.46
6598,865.76,1796.46
6614,865.76,1796.46
6630,865.76,1796.46
6646,865.76,1796.46
6663,865.76,1796.46
6678,865.76,1796.46
6694,865.76,1796.46
6709,865.76,1796.46
6726,865.76,1796.46
6742,865.76,1796.46
6758,865.76,1796.46
6773,865.76,1796.46
6789,865.76,1796.46
6805,865.76,1796.46
6821,865.76,1796.46
6838,865.76,1796.46
6853,865.76,1796.46
6869,865.76,1796.46
6885,865.76,1796.46
6902,865.76,1796.46
6918,865.76,1796.46
6934,865.76,1796.46
6950,865.76,1796.46
6967,865.76,1796.46
6981,865.76,1796.46
6997,865.76,1796.46
7014,865.76,1796.46
7031,865.76,1796.46
7046,865.76,1796.46
7062,865.76,1796.46
7078,865.76,1796.46
7094,865.76,1796.46
7109,865.76,1796.46
7126,865.76,1796.46
7142,865.76,1796.46
7157,865.76,1796.46
7174,865.76,1796.46
7189,865.76,1796.46
7205,865.76,1796.46
7221,865.76,1796.46
7237,865.76,1796.46
7253,865.76,1796.46
7269,865.76,1796.46
7285,865.76,1796.46
7302,865.76,1796.46
7318,865.76,1796.46
7335,865.76,1796.46
7350,865.76,1796.46
7367,865.76,1796.46
7383,865.76,1796.46
7398,865.76,1796.46
7415,865.76,1796.46
7430,865.76,1796.46
7446,865.76,1796.46
7461,865.76,1796.46
7479,865.76,1796.46
7494,865.76,1796.46
7510,865.76,1796.46
7526,865.76,1796.46
7541,865.76,1796.46
7557,865.76,1796.46
7574,865.76,1796.46
7590,865.76,1796.46
7606,865.76,1796.46
7621,865.76,1796.46
7638,865.76,1796.46
7653,865.76,1796.46
7669,865.76,1796.46
7685,865.76,1796.46
7702,865.76,1796.46
7718,865.76,1796.46
7735,865.76,1796.46
7750,865.76,1796.46
7766,865.76,1796.46
7781,865.76,1796.46
7798,865.76,1796.46
7814,865.76,1796.46
7830,865.76,1796.46
7846,865.76,1796.46
7863,865.76,1796.46
7878,865.76,1796.46
7894,865.76,1796.46
7910,865.76,1796.46
7926,865.76,1796.46
7941,865.76,1796.46
7957,865.76,1796.46
7974,865.76,1796.46
7989,865.76,1796.46
8005,865.76,1796.46
8021,865.76,1796.46
8038,865.76,1796.46
8053,865.76,1796.46
8069,865.76,1796.46
8085,865.76,1796.46
8102,865.76,1796.46
8118,865.76,1796.46
8134,865.76,1796.46
8150,865.76,1796.46
8166,865.76,1796.46
8181,865.76,1796.46
8199,865.76,1796.46
8214,865.76,1796.46
8230,865.76,1796.46
8247,865.76,1796.46
8262,865.76,1796.46
8278,865.76,1796.46
8294,865.76,1796.46
8310,865.76,1796.46
8326,865.76,1796.46
8341,865.76,1796.46
8358,865.76,1796.46
8374,865.76,1796.46
8390,865.76,1796.46
8405,865.76,1796.46
8421,865.76,1796.46
8437,865.76,1796.46
8453,865.76,1796.46
8469,865.76,1796.46
8485,865.76,1796.46
8502,865.76,1796.46
8519,865.76,1796.46
8534,865.76,1796.46
8550,865.76,1796.46
8566,865.76,1796.46
8581,865.76,1796.46
8598,865.76,1796.46
8614,865.76,1796.46
8630,865.76,1796.46
8646,865.76,1796.46
8661,865.76,1796.46
8677,865.76,1796.46
8694,865.76,1796.46
8709,865.76,1796.46
8726,865.76,1796.46
8742,865.76,1796.46
8757,865.76,1796.46
8774,865.76,1796.46
8789,865.76,1796.46
8806,865.76,1796.46
8822,865.76,1796.46
8838,865.76,1796.46
8853,865.76,1796.46
8869,865.76,1796.46
8885,865.76,1796.46
8902,865.76,1796.46
8918,865.76,1796.46
8934,865.76,1796.46
8950,865.76,1796.46
8966,865.76,1796.46
8982,865.76,1796.46
8999,865.76,1796.46
9015,865.76,1796.46
9030,865.76,1796.46
9046,865.76,1796.46
9062,865.76,1796.46
9078,865.76,1796.46
9095,865.76,1796.46
9110,865.76,1796.46
9125,865.76,1796.46
9141,865.76,1796.46
9157,865.76,1796.46
9173,865.76,1796.46
9189,865.76,1796.46
9206,865.76,1796.46
9221,865.76,1796.46
9238,865.76,1796.46
9253,865.76,1796.46
9269,865.76,1796.46
9286,865.76,1796.46
9302,865.76,1796.46
9318,865.76,1796.46
9334,865.76,1796.46
9350,865.76,1796.46
9366,865.76,1796.46
9382,865.76,1796.46
9398,865.76,1796.46
9415,865.76,1796.46
9431,865.76,1796.46
9446,865.76,1796.46
9462,865.76,1796.46
9478,865.76,1804.48
9494,865.76,1804.48
9510,865.76,1812.49
9526,865.76,1812.49
9542,865.76,1820.51
9558,865.76,1820.51
9573,865.76,1820.51
9590,865.76,1828.53
9606,865.76,1828.53
9622,865.76,1828.53
9637,865.76,1828.53
9653,865.76,1828.53
9669,865.76,1828.53
9685,865.76,1828.53
9701,865.76,1828.53
9718,865.76,1828.53
9734,865.76,1828.53
9751,865.76,1828.53
9766,865.76,1836.54
9783,865.76,1836.54
9798,865.76,1836.54
9814,865.76,1836.54
9830,865.76,1844.56
9846,865.76,1844.56
9863,865.76,1844.56
9878,865.76,1844.56
9894,865.76,1844.56
9910,865.76,1844.56
9925,865.76,1844.56
9941,865.76,1844.56
9958,865.76,1844.56
9973,865.76,1844.56
9989,865.76,1852.58
10005,865.76,1860.59
10021,857.74,1868.61
10038,857.74,1884.64
10053,857.74,1892.66
10069,857.74,1900.67
10085,857.74,1924.72
10102,857.74,1924.72
10118,849.73,1940.75
10135,849.73,1956.79
10150,841.71,1972.82
10166,841.71,1988.85
10182,841.71,2004.88
10198,833.69,2012.9
10214,833.69,2020.92
10230,833.69,2028.93
10246,833.69,2036.95
10262,833.69,2044.97
10278,833.69,2052.98
10294,833.69,2061
10310,833.69,2061
10326,825.68,2069.01
10342,825.68,2069.01
10357,825.68,2077.03
10374,825.68,2077.03
10390,825.68,2077.03
10405,825.68,2077.03
10422,825.68,2077.03
10437,825.68,2077.03
10453,825.68,2077.03
10469,825.68,2077.03
10485,825.68,2077.03
10502,825.68,2077.03
10519,825.68,2077.03
10535,825.68,2077.03
10551,825.68,2077.03
10566,825.68,2077.03
10582,825.68,2077.03
10598,825.68,2077.03
10614,825.68,2077.03
10630,825.68,2077.03
10647,825.68,2085.05
10662,825.68,2085.05
10678,825.68,2085.05
10694,825.68,2093.06
10710,825.68,2093.06
10726,825.68,2093.06
10742,825.68,2093.06
10758,825.68,2093.06
10773,825.68,2101.08
10790,825.68,2101.08
10805,825.68,2101.08
10821,825.68,2101.08
10838,825.68,2101.08
10853,825.68,2101.08
10869,825.68,2101.08
10885,825.68,2101.08
10902,825.68,2101.08
10918,825.68,2109.1
10934,825.68,2109.1
10950,825.68,2109.1
10966,825.68,2117.11
10982,825.68,2125.13
10998,825.68,2125.13
11015,825.68,2133.14
11030,825.68,2133.14
11046,825.68,2133.14
11062,825.68,2141.16
11079,825.68,2141.16
11095,825.68,2141.16
11110,825.68,2141.16
11126,825.68,2141.16
11141,825.68,2149.18
11158,825.68,2149.18
11174,825.68,2149.18
11189,825.68,2149.18
11206,825.68,2149.18
11222,825.68,2149.18
11237,825.68,2149.18
11253,825.68,2149.18
11270,825.68,2149.18
11285,825.68,2149.18
11302,825.68,2149.18
11318,825.68,2149.18
11334,825.68,2149.18
11351,825.68,2157.19
11366,825.68,2157.19
11381,825.68,2165.21
11399,825.68,2165.21
11414,825.68,2165.21
11430,825.68,2173.23
11446,825.68,2173.23
11462,825.68,2173.23
11478,825.68,2173.23
11494,825.68,2173.23
11509,825.68,2173.23
11525,825.68,2181.24
11542,825.68,2181.24
11558,825.68,2181.24
11573,825.68,2181.24
11589,825.68,2181.24
11605,825.68,2181.24
11621,825.68,2181.24
11637,825.68,2189.26
11653,825.68,2189.26
11669,833.69,2197.28
11685,833.69,2197.28
11702,833.69,2197.28
11717,833.69,2205.29
11734,833.69,2205.29
11750,833.69,2205.29
11767,833.69,2213.31
11782,833.69,2213.31
11798,833.69,2213.31
11814,833.69,2213.31
11830,833.69,2213.31
11846,833.69,2213.31
11862,833.69,2213.31
11878,833.69,2213.31
11894,833.69,2213.31
11910,833.69,2213.31
11925,833.69,2213.31
11942,833.69,2213.31
11958,833.69,2213.31
11974,833.69,2213.31
11989,833.69,2213.31
12005,833.69,2213.31
12022,833.69,2213.31
12038,833.69,2213.31
12053,833.69,2213.31
12069,833.69,2213.31
12085,833.69,2213.31
12102,833.69,2213.31
12118,833.69,2213.31
12134,833.69,2213.31
12151,833.69,2213.31
12166,833.69,2213.31
12182,833.69,2213.31
12199,833.69,2213.31
12214,833.69,2213.31
12230,833.69,2213.31
12245,833.69,2213.31
12262,833.69,2213.31
12278,833.69,2213.31
12294,833.69,2213.31
12309,833.69,2213.31
12326,833.69,2213.31
12342,833.69,2213.31
12358,833.69,2213.31
12374,833.69,2213.31
12390,833.69,2213.31
12405,833.69,2213.31
12421,833.69,2213.31
12438,833.69,2213.31
12453,833.69,2213.31
12470,833.69,2213.31
12485,833.69,2213.31
12502,833.69,2213.31
12519,833.69,2213.31
12535,833.69,2213.31
12551,833.69,2213.31
12566,833.69,2213.31
12582,833.69,2213.31
12599,833.69,2213.31
12614,833.69,2213.31
12630,833.69,2213.31
12646,833.69,2213.31
12662,833.69,2213.31
12678,833.69,2213.31
12694,833.69,2213.31
12709,833.69,2213.31
12725,833.69,2213.31
12742,833.69,2213.31
12757,833.69,2213.31
12774,833.69,2213.31
12789,833.69,2213.31
12805,833.69,2213.31
12821,833.69,2213.31
12838,833.69,2213.31
12854,833.69,2213.31
12870,833.69,2213.31
12885,833.69,2213.31
12901,833.69,2213.31
12918,833.69,2213.31
12934,833.69,2213.31
12951,833.69,2213.31
12967,833.69,2213.31
12982,833.69,2213.31
12998,833.69,2213.31
13015,833.69,2213.31
13031,833.69,2213.31
13046,833.69,2213.31
13062,833.69,2213.31
13078,833.69,2213.31
13094,833.69,2213.31
13110,833.69,2213.31
13125,833.69,2213.31
13142,833.69,2213.31
13157,833.69,2213.31
13173,833.69,2213.31
13189,833.69,2213.31
13205,833.69,2213.31
13221,833.69,2213.31
13237,833.69,2213.31
13253,833.69,2213.31
13269,833.69,2213.31
13285,833.69,2213.31
13302,833.69,2213.31
13318,833.69,2213.31
13334,833.69,2213.31
13350,833.69,2213.31
13366,833.69,2213.31
13382,833.69,2213.31
13398,833.69,2213.31
13414,833.69,2213.31
13431,833.69,2213.31
13446,833.69,2213.31
13462,833.69,2213.31
13478,833.69,2213.31
13494,833.69,2213.31
13510,833.69,2213.31
13526,833.69,2213.31
13542,833.69,2213.31
13557,833.69,2213.31
13573,833.69,2213.31
13589,833.69,2213.31
13605,833.69,2213.31
13621,833.69,2213.31
13637,833.69,2213.31
13653,833.69,2213.31
13669,833.69,2213.31
13685,833.69,2213.31
13702,833.69,2213.31
13718,833.69,2213.31
13735,833.69,2213.31
13751,833.69,2213.31
13766,833.69,2213.31
13782,833.69,2213.31
13798,833.69,2213.31
13815,833.69,2213.31
13830,833.69,2213.31
13846,833.69,2213.31
13862,833.69,2213.31
13878,833.69,2213.31
13894,833.69,2213.31
13909,833.69,2213.31
13925,833.69,2213.31
13942,833.69,2213.31
13957,833.69,2213.31
13974,833.69,2213.31
13990,833.69,2213.31
14005,833.69,2213.31
14022,833.69,2213.31
14037,833.69,2213.31
14053,833.69,2213.31
14069,833.69,2213.31
14085,833.69,2213.31
14102,833.69,2213.31
14118,833.69,2213.31
14135,833.69,2213.31
14150,833.69,2213.31
14166,833.69,2213.31
14182,833.69,2213.31
14198,833.69,2213.31
14215,833.69,2213.31
14230,833.69,2213.31
14246,833.69,2213.31
14262,833.69,2213.31
14278,833.69,2213.31
14294,833.69,2213.31
14309,833.69,2213.31
14325,833.69,2213.31
14342,833.69,2213.31
14358,833.69,2213.31
14373,833.69,2213.31
14389,833.69,2213.31
14406,833.69,2213.31
14421,833.69,2213.31
14437,833.69,2213.31
14453,833.69,2213.31
14469,833.69,2213.31
14485,833.69,2213.31
14501,833.69,2213.31
14519,833.69,2213.31
14534,833.69,2213.31
14551,833.69,2213.31
14566,833.69,2213.31
14582,833.69,2213.31
14598,833.69,2213.31
14615,833.69,2213.31
14631,833.69,2213.31
14646,833.69,2213.31
14662,833.69,2213.31
14678,833.69,2213.31
14694,833.69,2213.31
14709,833.69,2213.31
14725,833.69,2213.31
14741,833.69,2213.31
14757,833.69,2213.31
14774,833.69,2213.31
14790,833.69,2213.31
14806,825.68,2213.31
14821,825.68,2213.31
14838,825.68,2213.31
14853,825.68,2213.31
14869,825.68,2213.31
14885,825.68,2213.31
14901,825.68,2213.31
14918,825.68,2213.31
14935,825.68,2213.31
14951,825.68,2213.31
14966,825.68,2213.31
14982,825.68,2213.31
14999,825.68,2213.31
15014,825.68,2213.31
15030,825.68,2213.31
15046,825.68,2213.31
15062,825.68,2213.31
15078,825.68,2213.31
15094,825.68,2213.31
15109,825.68,2213.31
15126,825.68,2213.31
15142,825.68,2213.31
15157,825.68,2213.31
15173,825.68,2213.31
15189,825.68,2213.31
15205,825.68,2213.31
15221,825.68,2213.31
15238,825.68,2213.31
15253,825.68,2213.31
15269,825.68,2213.31
15285,825.68,2213.31
15302,825.68,2213.31
15319,825.68,2213.31
15334,825.68,2213.31
15350,825.68,2213.31
15366,825.68,2213.31
15382,825.68,2213.31
15398,825.68,2213.31
15413,825.68,2213.31
15430,825.68,2213.31
15446,825.68,2213.31
15462,825.68,2213.31
15477,825.68,2213.31
15494,825.68,2213.31
15510,825.68,2213.31
15526,825.68,2213.31
15542,825.68,2213.31
15558,825.68,2213.31
15573,825.68,2213.31
15590,825.68,2213.31
15606,825.68,2213.31
15621,825.68,2213.31
15637,825.68,2213.31
15653,825.68,2213.31
15669,833.69,2205.29
15685,833.69,2205.29
15701,833.69,2205.29
15717,833.69,2205.29
15733,833.69,2205.29
15751,841.71,2205.29
15766,841.71,2205.29
15783,841.71,2205.29
15798,841.71,2205.29
15814,841.71,2205.29
15831,841.71,2205.29
15846,841.71,2205.29
15862,841.71,2205.29
15878,841.71,2197.28
15893,849.73,2197.28
15909,849.73,2197.28
15925,857.74,2197.28
15941,857.74,2197.28
15957,865.76,2197.28
15973,873.77,2197.28
15990,873.77,2197.28
16005,881.79,2197.28
16021,881.79,2197.28
16037,881.79,2197.28
16053,881.79,2189.26
16069,881.79,2189.26
16085,889.81,2189.26
16103,889.81,2189.26
16118,889.81,2189.26
16133,889.81,2189.26
16150,889.81,2189.26
16167,889.81,2189.26
16182,889.81,2181.24
16198,889.81,2181.24
16214,889.81,2181.24
16230,889.81,2181.24
16246,889.81,2181.24
16263,889.81,2181.24
16278,889.81,2181.24
16294,889.81,2181.24
16310,889.81,2181.24
16325,889.81,2181.24
16342,889.81,2181.24
16358,889.81,2181.24
16373,889.81,2181.24
16389,889.81,2181.24
16405,889.81,2173.23
16421,889.81,2173.23
16438,889.81,2173.23
16453,897.82,2173.23
16469,897.82,2173.23
16485,897.82,2173.23
16502,897.82,2173.23
16519,897.82,2173.23
16534,897.82,2173.23
16550,897.82,2173.23
16567,897.82,2173.23
16582,897.82,2173.23
16599,897.82,2173.23
16614,897.82,2173.23
16630,897.82,2173.23
16647,897.82,2165.21
16662,897.82,2165.21
16679,897.82,2165.21
16694,897.82,2165.21
16710,897.82,2165.21
16726,897.82,2165.21
16741,897.82,2165.21
16758,897.82,2157.19
16773,897.82,2157.19
16789,897.82,2157.19
16806,897.82,2157.19
16821,897.82,2157.19
16837,897.82,2157.19
16853,897.82,2157.19
16870,897.82,2157.19
16886,897.82,2157.19
16902,897.82,2157.19
16918,897.82,2157.19
16934,897.82,2157.19
16950,897.82,2157.19
16967,897.82,2157.19
16982,897.82,2157.19
16998,897.82,2157.19
17015,897.82,2157.19
17030,897.82,2157.19
17046,897.82,2157.19
17062,897.82,2157.19
17078,897.82,2157.19
17093,897.82,2157.19
17110,897.82,2157.19
17126,897.82,2157.19
17141,897.82,2157.19
17158,897.82,2157.19
17173,897.82,2157.19
17189,897.82,2157.19
17205,897.82,2157.19
17221,897.82,2157.19
17237,897.82,2157.19
17253,897.82,2157.19
17269,897.82,2157.19
17286,897.82,2157.19
17302,897.82,2157.19
17318,897.82,2157.19
17335,897.82,2157.19
17351,897.82,2157.19
17367,897.82,2157.19
17382,897.82,2157.19
17398,897.82,2157.19
17415,897.82,2157.19
17431,897.82,2157.19
17446,897.82,2149.18
17462,897.82,2149.18
17478,897.82,2149.18
17493,897.82,2149.18
17509,897.82,2149.18
17526,897.82,2149.18
17541,897.82,2149.18
17557,897.82,2149.18
17574,897.82,2149.18
17589,897.82,2149.18
17606,897.82,2149.18
17622,897.82,2149.18
17637,897.82,2149.18
17653,897.82,2149.18
17670,897.82,2149.18
17685,897.82,2141.16
17702,897.82,2141.16
17719,905.84,2133.14
17734,905.84,2133.14
17750,905.84,2125.13
17766,905.84,2117.11
17782,905.84,2117.11
17799,905.84,2117.11
17814,905.84,2117.11
17830,905.84,2109.1
17846,905.84,2109.1
17863,905.84,2101.08
17878,905.84,2101.08
17895,905.84,2093.06
17909,905.84,2093.06
17925,905.84,2085.05
17941,905.84,2077.03
17957,905.84,2077.03
17973,905.84,2069.01
17989,905.84,2061
18006,905.84,2052.98
18021,905.84,2052.98
18037,905.84,2052.98
18053,905.84,2044.97
18070,905.84,2044.97
18085,905.84,2044.97
18101,905.84,2044.97
18119,905.84,2044.97
18135,905.84,2036.95
18150,905.84,2036.95
18167,905.84,2036.95
18182,905.84,2036.95
18198,905.84,2036.95
18213,905.84,2036.95
18230,905.84,2028.93
18246,905.84,2028.93
18262,905.84,2028.93
18278,905.84,2020.92
18293,905.84,2012.9
18310,905.84,2012.9
18326,905.84,2004.88
18342,905.84,1996.87
18358,905.84,1996.87
18373,905.84,1996.87
18389,905.84,1996.87
18406,905.84,1996.87
18421,905.84,1996.87
18437,905.84,1996.87
18453,905.84,1996.87
18469,905.84,1988.85
18485,905.84,1988.85
18502,905.84,1988.85
18518,905.84,1980.84
18534,913.86,1980.84
18550,913.86,1980.84
18566,913.86,1980.84
18582,913.86,1980.84
18598,913.86,1972.82
18615,913.86,1972.82
18630,913.86,1964.8
18647,913.86,1956.79
18661,913.86,1948.77
18677,913.86,1940.75
18693,913.86,1932.74
18710,913.86,1924.72
18726,913.86,1924.72
18741,913.86,1916.71
18757,913.86,1916.71
18773,913.86,1908.69
18789,913.86,1900.67
18805,921.87,1892.66
18821,921.87,1892.66
18837,921.87,1884.64
18853,921.87,1876.62
18869,921.87,1868.61
18885,921.87,1868.61
18902,921.87,1860.59
18918,921.87,1852.58
18934,921.87,1836.54
18950,929.89,1828.53
18966,929.89,1820.51
18983,929.89,1812.49
18999,929.89,1812.49
19013,929.89,1804.48
19030,929.89,1796.46
19046,929.89,1788.44
19062,929.89,1788.44
19078,929.89,1780.43
19094,929.89,1772.41
19110,929.89,1764.4
19126,937.9,1764.4
19141,937.9,1748.36
19157,937.9,1748.36
19174,937.9,1748.36
19189,937.9,1748.36
19206,937.9,1740.35
19221,937.9,1740.35
19238,937.9,1740.35
19253,937.9,1740.35
19269,937.9,1732.33
19285,937.9,1732.33
19302,937.9,1724.31
19317,937.9,1724.31
19334,937.9,1716.3
19351,937.9,1700.27
19366,937.9,1700.27
19382,937.9,1692.25
19398,937.9,1684.23
19415,937.9,1684.23
19430,937.9,1684.23
19445,937.9,1684.23
19462,937.9,1684.23
19478,937.9,1676.22
19494,937.9,1676.22
19510,937.9,1676.22
19526,937.9,1676.22
19541,937.9,1676.22
19557,937.9,1668.2
19573,937.9,1668.2
19589,937.9,1668.2
19605,937.9,1660.18
19621,937.9,1660.18
19637,937.9,1652.17
19653,937.9,1652.17
19669,937.9,1652.17
19685,937.9,1652.17
19701,937.9,1644.15
19718,937.9,1644.15
19735,937.9,1644.15
19750,937.9,1644.15
19766,937.9,1644.15
19783,937.9,1644.15
19798,937.9,1636.14
19815,937.9,1636.14
19830,937.9,1628.12
19847,937.9,1620.1
19862,937.9,1620.1
19878,937.9,1620.1
19894,937.9,1620.1
19910,937.9,1612.09
19926,937.9,1612.09
19941,937.9,1604.07
19957,937.9,1596.05
19974,937.9,1596.05
19990,937.9,1588.04
20006,937.9,1588.04
20021,937.9,1580.02
20037,937.9,1572.01
20053,937.9,1563.99
20070,937.9,1563.99
20085,937.9,1563.99
20103,937.9,1539.94
20118,937.9,1539.94
20134,937.9,1539.94
20149,937.9,1523.91
20166,937.9,1515.89
20182,937.9,1507.87
20198,937.9,1507.87
20214,937.9,1507.87
20230,937.9,1499.86
20246,937.9,1499.86
20262,937.9,1499.86
20278,937.9,1491.84
20294,937.9,1491.84
20310,937.9,1483.83
20326,937.9,1475.81
20341,937.9,1475.81
20358,937.9,1467.79
20373,937.9,1467.79
20390,937.9,1459.78
20406,937.9,1451.76
20421,937.9,1451.76
20437,937.9,1443.74
20453,937.9,1443.74
20469,937.9,1443.74
20485,937.9,1435.73
20502,937.9,1435.73
20518,937.9,1435.73
20534,937.9,1427.71
20550,937.9,1427.71
20565,937.9,1419.7
20583,937.9,1411.68
20598,937.9,1411.68
20615,937.9,1403.66
20630,937.9,1403.66
20646,937.9,1387.63
20663,945.92,1355.57
20678,953.94,1331.52
20694,953.94,1307.47
20709,969.97,1283.42
20725,969.97,1267.39
20741,977.99,1251.35
20757,977.99,1235.32
20773,977.99,1219.29
20790,977.99,1211.27
20806,977.99,1195.24
20822,986,1195.24
20838,986,1187.22
20853,986,1179.21
20869,986,1171.19
20885,986,1171.19
20902,986,1163.17
20918,986,1163.17
20934,986,1163.17
20951,986,1163.17
20966,986,1163.17
20982,986,1163.17
20998,986,1155.16
21014,986,1155.16
21030,986,1155.16
21046,986,1147.14
21063,986,1139.13
21078,986,1131.11
21095,986,1115.08
21110,986,1107.06
21125,986,1099.04
21141,986,1091.03
21158,986,1083.01
21174,986,1083.01
21189,986,1075
21205,986,1066.98
21221,986,1058.96
21237,986,1050.95
21253,986,1042.93
21270,986,1042.93
21285,986,1042.93
21302,986,1034.91
21318,986,1034.91
21333,986,1026.9
21349,986,1026.9
21366,986,1018.88
21382,986,1018.88
21399,986,1018.88
21414,986,1018.88
21430,986,1010.87
21446,986,1010.87
21461,986,1002.85
21478,986,994.83
21493,986,994.83
21511,986,994.83
21526,986,994.83
21541,986,994.83
21558,977.99,994.83
21574,977.99,994.83
21590,977.99,986.82
21605,977.99,986.82
21621,977.99,986.82
21637,977.99,986.82
21653,977.99,978.8
21669,977.99,970.78
21685,977.99,970.78
21702,977.99,970.78
21718,977.99,962.77
21734,977.99,954.75
21750,977.99,954.75
21766,977.99,946.74
21782,977.99,946.74
21798,977.99,946.74
21814,977.99,946.74
21830,977.99,946.74
21846,977.99,946.74
21862,977.99,938.72
21878,977.99,938.72
21894,977.99,930.7
21910,977.99,930.7
21926,977.99,922.69
21942,977.99,922.69
21958,977.99,922.69
21973,977.99,922.69
21989,977.99,922.69
22006,977.99,922.69
22022,977.99,922.69
22037,977.99,914.67
22053,977.99,914.67
22070,977.99,914.67
22086,977.99,906.65
22102,977.99,906.65
22118,977.99,906.65
22133,977.99,906.65
22150,977.99,898.64
22166,977.99,898.64
22182,977.99,898.64
22197,977.99,898.64
22214,977.99,898.64
22229,977.99,890.62
22245,977.99,890.62
22263,977.99,882.61
22277,977.99,882.61
22294,977.99,874.59
22309,977.99,874.59
22326,977.99,874.59
22342,977.99,874.59
22358,977.99,866.57
22373,977.99,866.57
22389,977.99,866.57
22405,977.99,866.57
22421,977.99,858.56
22437,977.99,858.56
22453,977.99,858.56
22469,977.99,858.56
22485,977.99,858.56
22502,977.99,858.56
22519,977.99,858.56
22535,977.99,858.56
22550,977.99,858.56
22566,977.99,858.56
22582,977.99,858.56
22598,977.99,858.56
22614,977.99,858.56
22630,977.99,858.56
22646,977.99,858.56
22662,977.99,858.56
22678,977.99,858.56
22694,977.99,858.56
22709,977.99,858.56
22726,977.99,858.56
22742,977.99,858.56
22757,977.99,858.56
22773,977.99,858.56
22789,977.99,858.56
22806,977.99,858.56
22821,977.99,858.56
22837,977.99,858.56
22853,977.99,858.56
22870,977.99,858.56
22885,977.99,858.56
22902,977.99,858.56
22919,977.99,858.56
22934,977.99,858.56
22951,977.99,858.56
22967,977.99,858.56
22983,977.99,858.56
22998,977.99,858.56
23014,977.99,858.56
23030,977.99,858.56
23046,977.99,858.56